{"fit_memory_usage": 118.55078125, "prediction_memory_usage": 125.88671875, "input_dataframe_size": 0.179456}